denomination_id,name
'afg_abbasi','abbasi'
'afg_abbasi','abbasis'
'afg_afghani','afghani'
'afg_afghani','afghanis'
'afg_habibi','habibi'
'afg_habibi','habibis'
'afg_qiran','qiran'
'afg_qiran','qirans'
'afg_rupee','rupee'
'afg_rupee','rupees'
'afg_sanar','sanar'
'afg_sanar','sanars'
'afg_tilla','tilla'
'afg_tilla','tillas'
'alb_frang ar','frang ar'
'alb_frang ar','franga ar'
'alb_lek','lek'
'arg_argentino','argentino'
'arg_argentino','argentinos'
'arg_centavo','centavo'
'arg_centavo','centavos'
'arg_peso','peso'
'arg_peso','pesos'
'aus_crown','crown'
'aus_crown','crowns'
'aus_florin','florin'
'aus_florin','florins'
'aus_penny','penny'
'aus_penny','pence'
'aus_shilling','shilling'
'aus_shilling','shillings'
'aus_sovereign','sovereign'
'aus_sovereign','sovereigns'
'aut_dukat','dukat'
'aut_dukat','dukaten'
'aut_florin','florin'
'aut_florin','florins'
'aut_kreuzer','kreuzer'
'aut_krone','krone'
'aut_krone','kronen'
'aut_schilling','schilling'
'aut_schilling','schillings'
'aut_vereinsthaler','vereinsthaler'
'bel_centime','centime'
'bel_centime','centimes'
'bel_franc','franc'
'bel_franc','francs'
'bgr_lev','lev'
'bgr_lev','leva'
'bgr_stotinka','stotinka'
'bgr_stotinka','stotinki'
'bmu_crown','crown'
'bmu_crown','crowns'
'bol_boliviano','boliviano'
'bol_boliviano','bolivianos'
'bol_centavo','centavo'
'bol_centavo','centavos'
'bol_centavo','centecimo'
'bol_centavo','centecimos'
'bol_escudo','escudo'
'bol_escudo','escudos'
'bol_melgarejo','melgarejo'
'bol_melgarejo','melgarejos'
'bol_onza','onza'
'bol_onza','onzas'
'bol_sol','sol'
'bol_sol','soles'
'bra_real','real'
'bra_real','reis'
'can_cent','cent'
'can_cent','cents'
'can_dollar','dollar'
'can_dollar','dollars'
'can_sovereign','sovereign'
'can_sovereign','sovereigns'
'che_franc','franc'
'che_franc','francs'
'chl_centavo','centavo'
'chl_centavo','centavos'
'chl_decimo','decimo'
'chl_decimo','decimos'
'chl_peso','peso'
'chl_peso','pesos'
'chn_cent','cent'
'chn_cent','cents'
'chn_chio','chio'
'chn_dollar','dollar'
'chn_dollar','dollars'
'chn_yuan','yuan'
'col_centavo','centavo'
'col_centavo','centavos'
'col_decimo','decimo'
'col_decimo','decimos'
'col_peso','peso'
'col_peso','pesos'
'col_real','real'
'col_real','reales'
'com_franc','franc'
'com_franc','francs'
'cri_centavo','centavo'
'cri_centavo','centavos'
'cri_colon','colon'
'cri_colon','colones'
'cri_escudo','escudo'
'cri_escudo','escudos'
'cri_onza','onza'
'cri_onza','onzas'
'cri_peso','peso'
'cri_peso','pesos'
'csk_dukat','dukat'
'csk_dukat','dukaty'
'csk_dukat','dukatu'
'csk_koruna','koruna'
'csk_koruna','korun'
'cub_centavo','centavo'
'cub_centavo','centavos'
'cub_peso','peso'
'cub_peso','pesos'
'cuw_gulden','gulden'
'cuw_gulden','guilder'
'cuw_gulden','florin'
'cyp_piastre','piastre'
'cyp_piastre','piastres'
'deu_mark','mark'
'deu_mark','marks'
'deu_pfennig','pfennig'
'deu_pfennig','pfennigs'
'dnk_christian d\'or','christian d\'or'
'dnk_christian d\'or','christian'
'dnk_christian d\'or','d\'or'
'dnk_krone','krone'
'dnk_krone','kroner'
'dnk_ore','ore'
'ecu_centavo','centavo'
'ecu_centavo','centavos'
'ecu_condor','condor'
'ecu_decimo','decimo'
'ecu_decimo','decimos'
'ecu_sucre','sucre'
'ecu_sucre','sucres'
'egy_ghirsh','ghirsh'
'egy_ghirsh','qirsh'
'egy_ghirsh','piastre'
'egy_pound','pound'
'egy_pound','pounds'
'eri_centisimo','centisimo'
'eri_centisimo','centesimi'
'eri_lira','lira'
'eri_lira','lire'
'eri_tallero','tallero'
'esp_centimo','centimo'
'esp_centimo','centimos'
'esp_escudo','escudo'
'esp_escudo','escudos'
'esp_peseta','peseta'
'esp_peseta','pesetas'
'esp_real','real'
'esp_real','reales'
'est_kroon','kroon'
'est_kroon','krooni'
'eth_birr','birr'
'eth_birr','birrs'
'eth_gersh','gersh'
'eth_santeem','santeem'
'eth_wark','wark'
'eth_wark','warks'
'fin_markka','markka'
'fin_markka','markaa'
'fin_pennia','pennia'
'fji_florin','florin'
'fji_penny','penny'
'fji_penny','pence'
'fji_shilling','shilling'
'fra_centime','centime'
'fra_centime','centimes'
'fra_franc','franc'
'fra_franc','francs'
'gbr_crown','crown'
'gbr_crown','crowns'
'gbr_dollar','trade dollar'
'gbr_dollar','dollar'
'gbr_dollar','dollars'
'gbr_dollar','trade dollars'
'gbr_florin','florin'
'gbr_florin','florins'
'gbr_penny','penny'
'gbr_penny','pence'
'gbr_pound','pound'
'gbr_pound','pounds'
'gbr_shilling','shilling'
'gbr_shilling','shillings'
'gbr_sovereign','sovereign'
'gbr_sovereign','sovereigns'
'grc_drachma','drachma'
'grc_drachma','drachmai'
'grc_drachma','drachmae'
'grc_lepton','lepton'
'grc_lepton','lepto'
'grc_lepton','lepta'
'gtm_centavo','centavo'
'gtm_centavo','centavos'
'gtm_centimo','centimo'
'gtm_centimo','centimos'
'gtm_peso','peso'
'gtm_peso','pesos'
'gtm_quetzal','quetzal'
'gtm_quetzal','quetzales'
'gtm_real','real'
'gtm_real','reales'
'haw_cent','cent'
'haw_cent','cents'
'haw_dollar','dollar'
'haw_dollar','dollars'
'hkg_cent','cent'
'hkg_cent','cents'
'hkg_dollar','dollar'
'hkg_dollar','dollars'
'hnd_centavo','centavo'
'hnd_centavo','centavos'
'hnd_lempira','lempira'
'hnd_lempira','lempiras'
'hnd_peso','peso'
'hnd_peso','pesos'
'hti_centime','centime'
'hti_centime','centimes'
'hti_gourde','gourde'
'hti_gourde','gourdes'
'hun_dukat','dukat'
'hun_dukat','ducat'
'hun_dukat','dukats'
'hun_dukat','ducats'
'hun_forint','forint'
'hun_korona','korona'
'hun_krajczar','krajczar'
'hun_pengo','pengo'
'ind_anna','anna'
'ind_anna','annas'
'ind_mohur','mohur'
'ind_mohur','mohurs'
'ind_rupee','rupee'
'ind_rupee','rupees'
'ind_sovereign','sovereign'
'ind_sovereign','sovereigns'
'irl_crown','crown'
'irl_crown','crowns'
'irl_florin','florin'
'irl_florin','florins'
'irl_shilling','shilling'
'irl_shilling','shillings'
'irn_dinar','dinar'
'irn_dinar','dinars'
'irn_pahlavi','pahlavi'
'irn_pahlavi','pahlavis'
'irn_qiran','qiran'
'irn_qiran','qirans'
'irn_rial','rial'
'irn_rial','rials'
'irn_shahi','shahi'
'irn_shahi','shahis'
'irn_toman','toman'
'irn_toman','tomans'
'irq_fils','fils'
'irq_riyal','riyal'
'irq_riyal','riyals'
'isl_krona','krona'
'isl_krona','kronur'
'isr_pound','pound'
'isr_pound','pounds'
'isr_pruta','pruta'
'isr_pruta','prutas'
'ita_centesimo','centesimo'
'ita_centesimo','centesimi'
'ita_centesimo','centesimis'
'ita_lira','lira'
'ita_lira','lire'
'ita_lira','liras'
'jam_penny','penny'
'jam_penny','pence'
'jpn_dollar','trade dollar'
'jpn_dollar','dollar'
'jpn_dollar','dollars'
'jpn_dollar','trade dollars'
'jpn_sen','sen'
'jpn_yen','yen'
'khm_centime','centime'
'khm_centime','centimes'
'khm_franc','franc'
'khm_franc','francs'
'khm_piastre','piastre'
'khm_piastre','piastres'
'kor_chon','chon'
'kor_whan','whan'
'kor_won','won'
'kor_yang','yang'
'kwt_dinar','dinar'
'kwt_dinar','dinars'
'lbn_piastre','piastre'
'lbn_piastre','piastres'
'lbr_cent','cent'
'lbr_cent','cents'
'lbr_dollar','dollar'
'lbr_dollar','dollars'
'lie_frank','frank'
'lie_frank','franken'
'lie_krone','krone'
'lie_krone','kronen'
'lie_thaler','thaler'
'lie_thaler','thalers'
'ltu_litas','litas'
'ltu_litas','litu'
'ltu_litas','litai'
'lux_franc','franc'
'lux_franc','francs'
'lux_franc','frang'
'lux_franc','frangs'
'lva_lats','lats'
'lva_lats','lati'
'mac_pataca','pataca'
'mac_pataca','patacas'
'mar_dirham','dirham'
'mar_franc','franc'
'mar_franc','francs'
'mar_rial','rial'
'mar_rial','rials'
'mex_centavo','centavo'
'mex_centavo','centavos'
'mex_escudo','escudo'
'mex_escudo','escudos'
'mex_peso','peso'
'mex_peso','pesos'
'mex_real','real'
'mex_real','reales'
'mmr_anna','anna'
'mmr_anna','annas'
'mmr_kyat','kyat'
'mmr_rupee','rupee'
'mmr_rupee','rupees'
'mng_mongo','mongo'
'mng_tukhrik','tukhrik'
'nfl_cent','cent'
'nfl_cent','cents'
'nfl_dollar','dollar'
'nfl_dollar','dollars'
'nld_cents','cent'
'nld_cents','cents'
'nld_dukaat','dukaat'
'nld_gulden','gulden'
'nld_gulden','guldens'
'nor_krone','krone'
'nor_krone','kroner'
'nor_ore','ore'
'nor_skilling','skilling'
'nor_speciedaler','speciedaler'
'nor_speciedaler','speciedalers'
'npl_paisa','paisa'
'npl_rupee','rupee'
'npl_rupee','rupees'
'nzl_crown','crown'
'nzl_crown','crowns'
'nzl_florin','florin'
'nzl_florin','florins'
'nzl_penny','penny'
'nzl_penny','pence'
'nzl_shilling','shilling'
'nzl_shilling','shillings'
'pan_balboa','balboa'
'pan_balboa','balboas'
'pan_centesimo','centesimo'
'pan_centesimo','centesimos'
'per_dinero','dinero'
'per_dinero','dineros'
'per_escudo','escudo'
'per_escudo','escudos'
'per_libra','libra'
'per_libra','libras'
'per_peseta','peseta'
'per_peseta','pesetas'
'per_real','real'
'per_real','reales'
'per_sol','sol'
'per_sol','soles'
'phl_centavo','centavo'
'phl_centavo','centavos'
'phl_centimo','centimo'
'phl_centimo','centimos'
'phl_peso','peso'
'phl_peso','pesos'
'pol_zloty','zloty'
'pol_zloty','zlote'
'pol_zloty','zlotych'
'pol_zloty','zlotego'
'prt_centavo','centavo'
'prt_centavo','centavos'
'prt_escudo','escudo'
'prt_escudo','escudos'
'prt_real','real'
'prt_real','reis'
'pry_peso','peso'
'pry_peso','pesos'
'rou_banu','banu'
'rou_banu','bani'
'rou_leu','leu'
'rou_leu','lei'
'rus_kopek','kopek'
'rus_kopek','kopeks'
'rus_kopek','kopeck'
'rus_kopek','kopecks'
'rus_ruble','ruble'
'rus_ruble','rubles'
'sau_guinea','guinea'
'sau_guinea','guineas'
'sau_riyal','riyal'
'sau_riyal','riyals'
'sau_sovereign','sovereign'
'sau_sovereign','sovereigns'
'slv_centavo','centavo'
'slv_centavo','centavos'
'slv_colon','colon'
'slv_colon','colones'
'slv_peso','peso'
'slv_peso','pesos'
'srb_dinar','dinar'
'srb_dinar','dinara'
'srb_para','para'
'srb_para','pare'
'sur_gulden','gulden'
'sur_gulden','guldens'
'swe_carolin','carolin'
'swe_carolin','carolins'
'swe_dukat','dukat'
'swe_krona','krona'
'swe_krona','kronor'
'swe_ore','ore'
'swe_ore','oren'
'swe_riksdaler riksmynt','riksdaler riksmynt'
'syr_lira','lira'
'syr_lira','lire'
'syr_piastre','piastre'
'syr_piastre','piastres'
'syr_pound','pound'
'syr_pound','pounds'
'tha_baht','baht'
'tha_salung','salung'
'tha_satang','satang'
'tur_kurus','kurus'
'tur_kurus','kurush'
'tur_kurusmdl','kurus (monnaies de luxe)'
'tur_kurusmdl','kurus'
'tur_kurusmdl','kurush'
'tur_lira','lira'
'tur_lira','liras'
'tur_para','para'
'tur_para','paras'
'uar_ghirsh','ghirsh'
'uar_pound','pound'
'uar_pound','pounds'
'ury_centesimo','centesimo'
'ury_centesimo','centesimos'
'ury_peso','peso'
'ury_peso','pesos'
'usa_cent','cent'
'usa_cent','cents'
'usa_dollar','dollar'
'usa_dollar','dollars'
'ven_bolivar','bolivar'
'ven_bolivar','bolivares'
'ven_centavo','centavo'
'ven_centavo','centavos'
'ven_centimo','centimo'
'ven_centimo','centimos'
'ven_real','real'
'ven_real','reales'
'ven_venezolano','venezolano'
'ven_venezolano','venezolanos'
'zaf_cent','cent'
'zaf_cent','cents'
'zaf_florin','florin'
'zaf_florin','florins'
'zaf_penny','penny'
'zaf_penny','pence'
'zaf_pond','pond'
'zaf_pond','ponds'
'zaf_pound','pound'
'zaf_pound','pounds'
'zaf_rand','rand'
'zaf_shilling','shilling'
'zaf_shilling','shillings'
'zaf_sovereign','sovereign'
'zaf_sovereign','sovereigns'
