value_id,name
'afg_afghani_fractional_1_2','1/2'
'afg_afghani_fractional_2_1_2','2-1/2'
'afg_afghani_fractional_2_1_2','2 1/2'
'afg_afghani_fractional_2_1_2','5/2'
'afg_rupee_fractional_2_1_2','2-1/2'
'afg_rupee_fractional_2_1_2','2 1/2'
'afg_rupee_fractional_2_1_2','5/2'
'afg_tilla_fractional_1_2','1/2'
'afg_tilla_fractional_2_1_2','2-1/2'
'afg_tilla_fractional_2_1_2','2 1/2'
'afg_tilla_fractional_2_1_2','5/2'
'arg_argentino_fractional_1_2','1/2'
'aus_sovereign_fractional_1_2','1/2'
'aut_florin_fractional_1_4','1/4'
'aut_krone_fractional_1_2','1/2'
'aut_schilling_fractional_1_2','1/2'
'bol_boliviano_fractional_1_10','1/10'
'bol_boliviano_fractional_1_2','1/2'
'bol_boliviano_fractional_1_20','1/20'
'bol_boliviano_fractional_1_5','1/5'
'bol_escudo_fractional_1_2','1/2'
'bol_melgarejo_fractional_1_2','1/2'
'bol_melgarejo_fractional_1_4','1/4'
'bol_sol_fractional_1_2','1/2'
'bol_sol_fractional_1_4','1/4'
'can_cent_10','dime'
'can_cent_10','dimes'
'can_cent_25','quarter'
'can_cent_25','quarters'
'can_cent_5','nickel'
'can_cent_5','nickels'
'can_cent_50','half'
'can_cent_50','halves'
'che_franc_fractional_1_2','1/2'
'chl_decimo_fractional_1_2','1/2'
'chn_yuan_fractional_1_2','1/2'
'col_decimo_fractional_1_2','1/2'
'col_decimo_fractional_1_4','1/4'
'col_peso_fractional_2_1_2','2-1/2'
'col_peso_fractional_2_1_2','2 1/2'
'col_peso_fractional_2_1_2','5/2'
'col_real_fractional_1_2','1/2'
'col_real_fractional_1_4','1/4'
'cri_escudo_fractional_1_2','1/2'
'cri_onza_fractional_1_2','1/2'
'cuw_gulden_fractional_1_10','1/10'
'cuw_gulden_fractional_1_4','1/4'
'cuw_gulden_fractional_2_1_2','2-1/2'
'cuw_gulden_fractional_2_1_2','2 1/2'
'cuw_gulden_fractional_2_1_2','5/2'
'cyp_piastre_fractional_4_1_2','4-1/2'
'cyp_piastre_fractional_4_1_2','4 1/2'
'cyp_piastre_fractional_4_1_2','9/2'
'ecu_decimo_fractional_1_2','1/2'
'ecu_sucre_fractional_1_2','1/2'
'eth_birr_fractional_1_2','1/2'
'eth_birr_fractional_1_4','1/4'
'eth_birr_fractional_1_8','1/8'
'eth_wark_fractional_1_2','1/2'
'eth_wark_fractional_1_4','1/4'
'fji_penny_6','sixpence'
'gbr_crown_fractional_1_2','1/2'
'gbr_penny_3','threepence'
'gbr_penny_3','threepenny'
'gbr_penny_3','threepenny bit'
'gbr_penny_4','fourpence'
'gbr_penny_4','groat'
'gbr_penny_4','joey'
'gbr_penny_4','fourpenny'
'gbr_penny_4','fourpenny bit'
'gbr_penny_6','sixpence'
'gbr_penny_6','tanner'
'gbr_penny_6','sixpenny'
'gbr_penny_6','sixpenny bit'
'gbr_shilling_1','bob'
'gbr_sovereign_fractional_1_2','1/2'
'gtm_quetzal_fractional_1_2','1/2'
'gtm_quetzal_fractional_1_4','1/4'
'gtm_real_fractional_1_2','1/2'
'gtm_real_fractional_1_4','1/4'
'haw_cent_10','dime'
'haw_cent_10','dimes'
'haw_cent_25','quarter'
'haw_cent_25','quarters'
'haw_cent_50','half'
'haw_cent_50','halves'
'haw_dollar_1','dollar'
'haw_dollar_1','dollars'
'hkg_dollar_fractional_1_2','1/2'
'ind_rupee_fractional_1_2','1/2'
'ind_rupee_fractional_1_4','1/4'
'irl_crown_fractional_1_2','1/2'
'irn_pahlavi_fractional_1_2','1/2'
'irn_pahlavi_fractional_1_4','1/4'
'irn_pahlavi_fractional_2_1_2','2-1/2'
'irn_pahlavi_fractional_2_1_2','2 1/2'
'irn_pahlavi_fractional_2_1_2','5/2'
'irn_qiran_fractional_1_4','1/4'
'irn_rial_fractional_1_2','1/2'
'irn_rial_fractional_1_4','1/4'
'irn_toman_fractional_1_2','1/2'
'irn_toman_fractional_1_5','1/5'
'jam_penny_fractional_1_1_2','1-1/2'
'jam_penny_fractional_1_1_2','1 1/2'
'jam_penny_fractional_1_1_2','3/2'
'kor_won_fractional_1_2','1/2'
'lie_frank_fractional_1_2','1/2'
'mar_dirham_fractional_1_2','1/2'
'mar_dirham_fractional_2_1_2','2-1/2'
'mar_dirham_fractional_2_1_2','2 1/2'
'mar_dirham_fractional_2_1_2','5/2'
'mar_rial_fractional_1_10','1/10'
'mar_rial_fractional_1_2','1/2'
'mar_rial_fractional_1_20','1/20'
'mar_rial_fractional_1_4','1/4'
'mex_escudo_fractional_1_2','1/2'
'mex_peso_fractional_2_1_2','2-1/2'
'mex_peso_fractional_2_1_2','2 1/2'
'mex_peso_fractional_2_1_2','5/2'
'mex_real_fractional_1_2','1/2'
'mex_real_fractional_1_4','1/4'
'mmr_kyat_fractional_1_2','1/2'
'mmr_kyat_fractional_1_4','1/4'
'mmr_kyat_fractional_1_8','1/8'
'nld_gulden_fractional_1_2','1/2'
'nld_gulden_fractional_2_1_2','2-1/2'
'nld_gulden_fractional_2_1_2','2 1/2'
'nld_gulden_fractional_2_1_2','5/2'
'nor_speciedaler_fractional_1_2','1/2'
'nzl_crown_fractional_1_2','1/2'
'nzl_penny_3','threepence'
'nzl_penny_6','sixpence'
'pan_balboa_fractional_1_10','1/10'
'pan_balboa_fractional_1_2','1/2'
'pan_balboa_fractional_1_4','1/4'
'pan_centesimo_fractional_2_1_2','2-1/2'
'pan_centesimo_fractional_2_1_2','2 1/2'
'pan_centesimo_fractional_2_1_2','5/2'
'per_dinero_fractional_1_2','1/2'
'per_libra_fractional_1_2','1/2'
'per_libra_fractional_1_5','1/5'
'per_real_fractional_1_2','1/2'
'per_sol_fractional_1_2','1/2'
'per_sol_fractional_1_5','1/5'
'phl_peso_fractional_1_2','1/2'
'prt_escudo_fractional_2_1_2','2-1/2'
'prt_escudo_fractional_2_1_2','2 1/2'
'prt_escudo_fractional_2_1_2','5/2'
'rou_leu_fractional_12_1_2','12-1/2'
'rou_leu_fractional_12_1_2','12 1/2'
'rou_leu_fractional_12_1_2','25/2'
'rus_ruble_fractional_1_2','1/2 (poltina)'
'rus_ruble_fractional_1_2','1/2'
'rus_ruble_fractional_1_2','poltina'
'rus_ruble_fractional_37_1_2','37-1/2'
'rus_ruble_fractional_37_1_2','37 1/2'
'rus_ruble_fractional_37_1_2','75/2'
'rus_ruble_fractional_7_1_2','7-1/2'
'rus_ruble_fractional_7_1_2','7 1/2'
'rus_ruble_fractional_7_1_2','15/2'
'sau_riyal_fractional_1_2','1/2'
'sau_riyal_fractional_1_4','1/4'
'slv_peso_fractional_2_1_2','2-1/2'
'slv_peso_fractional_2_1_2','2 1/2'
'slv_peso_fractional_2_1_2','5/2'
'syr_pound_fractional_1_2','1/2'
'tur_kurusmdl_fractional_12_1_2','12-1/2'
'tur_kurusmdl_fractional_12_1_2','12 1/2'
'tur_kurusmdl_fractional_12_1_2','25/2'
'uar_pound_fractional_1_2','1/2'
'usa_cent_10','dime'
'usa_cent_10','dimes'
'usa_cent_25','quarter'
'usa_cent_25','quarters'
'usa_cent_50','half'
'usa_cent_50','halves'
'usa_dollar_1','dollar'
'usa_dollar_1','dollars'
'ven_bolivar_fractional_1_2','1/2'
'ven_bolivar_fractional_1_4','1/4'
'ven_bolivar_fractional_1_5','1/5'
'ven_real_fractional_1_2','1/2'
'zaf_cent_fractional_2_1_2','2-1/2'
'zaf_cent_fractional_2_1_2','2 1/2'
'zaf_cent_fractional_2_1_2','5/2'
'zaf_penny_3','threepence'
'zaf_penny_6','sixpence'
'zaf_pond_fractional_1_2','1/2'
'zaf_pound_fractional_1_2','1/2'
'zaf_shilling_fractional_2_1_2','2-1/2'
'zaf_shilling_fractional_2_1_2','2 1/2'
'zaf_shilling_fractional_2_1_2','5/2'
'zaf_sovereign_fractional_1_2','1/2'
